{"stats":{"minecraft:custom":{"minecraft:jump":139,"minecraft:open_chest":1,"minecraft:time_since_rest":244,"minecraft:crouch_one_cm":125,"minecraft:leave_game":4,"minecraft:play_time":8313,"minecraft:sprint_one_cm":18242,"minecraft:time_since_death":8313,"minecraft:walk_one_cm":7443,"minecraft:sleep_in_bed":1,"minecraft:sneak_time":99,"minecraft:total_world_time":8313,"minecraft:climb_one_cm":589,"minecraft:talked_to_villager":2,"minecraft:fall_one_cm":4356,"minecraft:fly_one_cm":42301}},"DataVersion":3465}